{
  "arch": "4-80-1",
  "xi": 0.005,
  "transition_guard": "paper: x in X only",
  "num_grid_points": 1258,
  "num_transition_grid_points": 1258,
  "eta": 0.015,
  "lambda1": 0.1,
  "lambda2": 0.1,
  "lip_reg": 0.01,
  "L_T": 0.3619524671922729,
  "L_f": 5.685370052800001,
  "L1": 2.419786184704296,
  "L2": 4.839572369408592,
  "L3": 0.7962954278230004,
  "L": 4.839572369408592,
  "max_lprime_sampled": 0.08949340879917145,
  "max_lprime_grid": 0.08949340879917145,
  "min_g1_grid": -0.03242979571223259,
  "min_g2_grid": -0.074493408203125,
  "min_g3_grid": 0.0108760641887784,
  "certification_sample_check": "exhaustive_grid",
  "theorem_margin": -0.002901069076478519,
  "certified": false,
  "state_dict": {
    "fc1.weight": [
      [
        0.04118868708610535,
        0.026645328849554062,
        0.06624560058116913,
        -0.28986695408821106
      ],
      [
        0.16565191745758057,
        0.6371884346008301,
        -0.02660301700234413,
        -0.07245556265115738
      ],
      [
        0.09135084599256516,
        -0.3679518699645996,
        -0.0025275754742324352,
        -0.021097831428050995
      ],
      [
        -1.621872414148129e-08,
        0.01839086040854454,
        -6.5199987631103795e-09,
        0.24539664387702942
      ],
      [
        0.10369084030389786,
        -0.19029615819454193,
        -0.078467957675457,
        0.4783160984516144
      ],
      [
        -1.064986832886861e-42,
        -0.06682884693145752,
        1.4265218366826638e-42,
        0.3230926990509033
      ],
      [
        -9.939400769098938e-08,
        0.10626072436571121,
        2.971537469420582e-07,
        -0.2542824149131775
      ],
      [
        0.0012673859018832445,
        -0.22100625932216644,
        -0.0003118598833680153,
        -0.29935547709465027
      ],
      [
        -1.5242619635078255e-33,
        0.07637123763561249,
        -9.817995508348588e-33,
        -0.249099463224411
      ],
      [
        -0.013046495616436005,
        -0.2563769817352295,
        -0.08678799122571945,
        -0.045099638402462006
      ],
      [
        -0.01597006618976593,
        -2.596447229385376,
        0.5413228869438171,
        0.2589685320854187
      ],
      [
        9.367113854450232e-25,
        0.17446455359458923,
        -1.677327529854981e-24,
        -0.0002571780059952289
      ],
      [
        1.9213057811384715e-08,
        -0.090330109000206,
        -3.860693986723618e-09,
        0.32007652521133423
      ],
      [
        0.03789954259991646,
        0.33940139412879944,
        -0.08463430404663086,
        0.22037693858146667
      ],
      [
        0.0027147785294800997,
        0.13104774057865143,
        0.0027091912925243378,
        0.5117326378822327
      ],
      [
        -2.601545467939559e-08,
        -0.1595499962568283,
        1.0271185857391174e-07,
        0.485593318939209
      ],
      [
        -0.002152384025976062,
        -0.36707499623298645,
        -0.0009199262713082135,
        -0.2504230737686157
      ],
      [
        -0.10648287832736969,
        0.45731985569000244,
        -0.04305056855082512,
        0.46127381920814514
      ],
      [
        -0.05060045048594475,
        -0.363736093044281,
        -0.07385480403900146,
        0.19027554988861084
      ],
      [
        0.0495535247027874,
        -1.288924217224121,
        0.001048943493515253,
        -1.1783525943756104
      ],
      [
        -0.00988538283854723,
        -0.15258045494556427,
        -0.04442574083805084,
        0.2942059636116028
      ],
      [
        -5.168072902961285e-07,
        -0.5876661539077759,
        1.5128046015888685e-07,
        0.3776829242706299
      ],
      [
        -1.2905958856431565e-42,
        -0.27688491344451904,
        1.0902102052447077e-42,
        -0.3720797300338745
      ],
      [
        0.0010050410637632012,
        -0.2863049805164337,
        -0.0007083209347911179,
        0.1455461084842682
      ],
      [
        1.3620621073237222e-42,
        -0.34307578206062317,
        -1.0607829374938865e-42,
        -0.20150098204612732
      ],
      [
        6.68570282869041e-05,
        -3.127076706732623e-05,
        5.632835745927878e-05,
        0.29767847061157227
      ],
      [
        1.867991095139132e-08,
        0.0036878178361803293,
        3.2062217325545816e-09,
        0.4196688234806061
      ],
      [
        -0.014821701683104038,
        -0.17011231184005737,
        0.07358746230602264,
        -0.29043638706207275
      ],
      [
        0.004801290575414896,
        0.003991531673818827,
        0.01218471396714449,
        -0.06364552676677704
      ],
      [
        -0.0009439062559977174,
        0.22393998503684998,
        -0.0009615723975002766,
        0.30424991250038147
      ],
      [
        0.09806317836046219,
        0.4306786060333252,
        -0.017462290823459625,
        0.5312836170196533
      ],
      [
        0.1426527351140976,
        -0.31235337257385254,
        -0.003231184324249625,
        -0.03632861748337746
      ],
      [
        1.0523751467079376e-42,
        -0.4630115032196045,
        -1.3676673011810215e-42,
        0.12781821191310883
      ],
      [
        -0.03357276692986488,
        -3.0064291954040527,
        0.5019217133522034,
        0.8140982389450073
      ],
      [
        0.0066733593121171,
        -0.5545414090156555,
        0.005375709850341082,
        0.07453951984643936
      ],
      [
        -0.1006203219294548,
        -0.34536227583885193,
        0.062216904014348984,
        0.14208374917507172
      ],
      [
        0.014924396760761738,
        0.5028883218765259,
        -0.23839983344078064,
        0.8534620404243469
      ],
      [
        0.013814322650432587,
        0.04187006130814552,
        0.016120029613375664,
        0.03342726081609726
      ],
      [
        -0.0782436653971672,
        -0.34155166149139404,
        -0.12329957634210587,
        -0.23227527737617493
      ],
      [
        0.05683444067835808,
        -0.003858730895444751,
        0.039161812514066696,
        0.12677451968193054
      ],
      [
        -0.11888986825942993,
        0.8676238656044006,
        -0.18204398453235626,
        -1.2677123546600342
      ],
      [
        -1.2710836017504334e-05,
        0.28077009320259094,
        -1.8706028640735894e-05,
        -0.031830575317144394
      ],
      [
        1.1770907100328463e-42,
        -0.422642320394516,
        1.3732724950383207e-42,
        0.015223302878439426
      ],
      [
        0.246938556432724,
        0.6655154824256897,
        -0.012355449609458447,
        -0.03822511434555054
      ],
      [
        2.000912324717774e-09,
        -0.011444581672549248,
        2.261465015251929e-09,
        0.08879534900188446
      ],
      [
        -0.12453684210777283,
        -0.39941611886024475,
        0.04012088477611542,
        0.10474234819412231
      ],
      [
        -0.13035936653614044,
        -1.3620383739471436,
        -0.18591183423995972,
        0.9250872731208801
      ],
      [
        0.028456691652536392,
        0.0996413305401802,
        0.04308806732296944,
        -0.2498195320367813
      ],
      [
        -1.195307590069069e-42,
        0.025319339707493782,
        1.348049122680474e-42,
        -0.4113445281982422
      ],
      [
        0.08294998854398727,
        -0.07959765940904617,
        0.03607971593737602,
        0.166418194770813
      ],
      [
        -2.029485557386579e-07,
        -0.2845812737941742,
        -4.464666503167791e-08,
        -0.39568284153938293
      ],
      [
        0.017082471400499344,
        0.20345504581928253,
        0.09122735261917114,
        -0.2874082624912262
      ],
      [
        -0.053428974002599716,
        -0.08104322850704193,
        -0.11931975185871124,
        0.2565310299396515
      ],
      [
        0.05752602592110634,
        -0.30894842743873596,
