{
  "arch": "4-80-1",
  "xi": 0.01,
  "eta": 0.01,
  "lambda1": 0.1,
  "lambda2": 0.1,
  "L_T": 1.6124807663080105,
  "L_f": 6.0,
  "L1": 11.287365364156074,
  "L2": 22.574730728312147,
  "L3": 3.5474576858776232,
  "L": 22.574730728312147,
  "max_lprime_sampled": 0.7594901323318481,
  "theorem_margin": 0.10287365364156074,
  "certified": false,
  "state_dict": {
    "fc1.weight": [
      [
        -0.14757223427295685,
        0.4579254984855652,
        0.2922288775444031,
        -0.3001593351364136
      ],
      [
        0.004156218841671944,
        0.482486367225647,
        0.21510465443134308,
        0.16918613016605377
      ],
      [
        -0.22927720844745636,
        0.08387129008769989,
        -0.27839958667755127,
        0.305509090423584
      ],
      [
        0.1666325181722641,
        0.10919825732707977,
        -0.2034592181444168,
        0.09569735825061798
      ],
      [
        -0.1405504196882248,
        -0.006592439953237772,
        0.03159118816256523,
        0.21758641302585602
      ],
      [
        -0.15485341846942902,
        -0.12403541803359985,
        -0.09559805691242218,
        0.11517684161663055
      ],
      [
        0.32944536209106445,
        -0.479287326335907,
        0.18333588540554047,
        0.2367263287305832
      ],
      [
        0.30545198917388916,
        -0.2839561700820923,
        0.3177372217178345,
        -0.434758722782135
      ],
      [
        -0.18406879901885986,
        0.2342955470085144,
        -0.40085524320602417,
        0.15528136491775513
      ],
      [
        -0.33931422233581543,
        0.47157949209213257,
        -0.1165577620267868,
        0.014951242133975029
      ],
      [
        0.2854379415512085,
        0.4461061358451843,
        -0.3891128897666931,
        -0.21764396131038666
      ],
      [
        0.06935502588748932,
        0.18525727093219757,
        -0.39037197828292847,
        0.05821162462234497
      ],
      [
        0.04402773454785347,
        0.25928419828414917,
        0.2791099548339844,
        -0.49317532777786255
      ],
      [
        0.2833685278892517,
        -0.42223137617111206,
        -0.4063742160797119,
        0.1623254269361496
      ],
      [
        -0.2635706663131714,
        -0.2694857120513916,
        -0.33894485235214233,
        -0.4590647220611572
      ],
      [
        0.3703765869140625,
        0.22606061398983002,
        -0.08675943315029144,
        -0.46510255336761475
      ],
      [
        0.35697346925735474,
        -0.45243096351623535,
        0.48755884170532227,
        -0.1126631647348404
      ],
      [
        -0.3292994499206543,
        0.2939527630805969,
        -0.22255562245845795,
        0.08143539726734161
      ],
      [
        -0.4521247148513794,
        -0.04455519840121269,
        -0.055740226060152054,
        -0.24410581588745117
      ],
      [
        -0.3212042450904846,
        0.2309679538011551,
        -0.04229794815182686,
        0.24752934277057648
      ],
      [
        -0.051379572600126266,
        -0.18263225257396698,
        -0.21535001695156097,
        0.47678714990615845
      ],
      [
        0.05900932475924492,
        0.09240354597568512,
        -0.10400013625621796,
        -0.008325708098709583
      ],
      [
        -0.016767608001828194,
        -0.41739988327026367,
        0.3289620876312256,
        -0.11122594773769379
      ],
      [
        0.21157874166965485,
        -0.05713038519024849,
        0.2002726048231125,
        0.12818573415279388
      ],
      [
        0.07478468120098114,
        0.15696685016155243,
        0.3711298704147339,
        0.19157661497592926
      ],
      [
        -0.02065408229827881,
        0.02572840452194214,
        -0.22034597396850586,
        -0.49232709407806396
      ],
      [
        0.03452695533633232,
        -0.43165671825408936,
        0.2812477946281433,
        0.20698343217372894
      ],
      [
        -0.018398059532046318,
        -0.2588995099067688,
        -0.09535406529903412,
        -0.3057718276977539
      ],
      [
        -0.11730676889419556,
        -0.124400794506073,
        -0.2740517258644104,
        -0.20777326822280884
      ],
      [
        0.30827611684799194,
        -0.16875620186328888,
        0.05710185691714287,
        -0.08904634416103363
      ],
      [
        0.17888350784778595,
        0.22544707357883453,
        -0.06377382576465607,
        -0.11371244490146637
      ],
      [
        0.26059257984161377,
        -0.2855476140975952,
        -0.486037015914917,
        -0.47468239068984985
      ],
      [
        -0.3701851963996887,
        -0.32929277420043945,
        -0.3578585982322693,
        0.21027928590774536
      ],
      [
        0.12539736926555634,
        0.2099679559469223,
        -0.3206391930580139,
        0.33795249462127686
      ],
      [
        -0.026624811813235283,
        0.04661900922656059,
        0.4240080714225769,
        0.07964707911014557
      ],
      [
        -0.17192275822162628,
        -0.0031797417905181646,
        0.18455253541469574,
        -0.2157219797372818
      ],
      [
        -0.1211317777633667,
        -0.09015852212905884,
        -0.09340792894363403,
        -0.22180217504501343
      ],
      [
        0.026545299217104912,
        0.08625234663486481,
        0.3098212480545044,
        -0.4258382320404053
      ],
      [
        0.032226335257291794,
        -0.06528986990451813,
        0.36361706256866455,
        -0.2874596118927002
      ],
      [
        0.40139418840408325,
        0.0727139562368393,
        -0.07163529098033905,
        0.20544017851352692
      ],
      [
        -0.16577030718326569,
        -0.46686357259750366,
        0.2792757749557495,
        0.4664682149887085
      ],
      [
        0.08966417610645294,
        -0.09651051461696625,
        -0.3892449140548706,
        0.15564973652362823
      ],
      [
        0.19988314807415009,
        -0.41439270973205566,
        -0.11277259886264801,
        0.12321163713932037
      ],
      [
        -0.05170028284192085,
        0.146208718419075,
        0.4221192002296448,
        0.489446222782135
      ],
      [
        -0.2821124792098999,
        0.48349541425704956,
        -0.4197327494621277,
        -0.058725595474243164
      ],
      [
        -0.3851081132888794,
        -0.4641229510307312,
        -0.3043896555900574,
        -0.27458643913269043
      ],
      [
        0.43600112199783325,
        -0.03702269867062569,
        0.48672449588775635,
        0.12872163951396942
      ],
      [
        -0.4758669137954712,
        0.0028056034352630377,
        0.4567071795463562,
        -0.1871633380651474
      ],
      [
        -0.37132447957992554,
        0.1841232031583786,
        -0.09477801620960236,
        0.40388578176498413
      ],
      [
        0.15915055572986603,
        -0.029449449852108955,
        0.07976089417934418,
        0.16201697289943695
      ],
      [
        -0.226617693901062,
        0.22685283422470093,
        -0.1472422480583191,
        -0.2337803840637207
      ],
      [
        0.03660453483462334,
        0.17170937359333038,
        -0.05150633305311203,
        -0.45675408840179443
      ],
      [
        -0.1706930547952652,
        -0.09306760132312775,
        0.4287586808204651,
        -0.020849691703915596
      ],
      [
        0.11475561559200287,
        -0.15403516590595245,
        0.3609674572944641,
        0.11201198399066925
      ],
      [
        -0.060910165309906006,
        -0.33499419689178467,
        -0.12757426500320435,
        -0.07047051191329956
      ],
      [
        -0.3876279592514038,
        -0.2425881028175354,
        -0.2684398889541626,
        -0.23640888929367065
      ],
      [
        -0.37571609020233154,
        -0.41144508123397827,
        -0.33974289894104004,
        0.20279072225093842
      ],
      [
