{
  "arch": "4-80-1",
  "xi": 0.02,
  "transition_guard": "paper: x in X only",
  "num_grid_points": 316,
  "num_transition_grid_points": 316,
  "eta": 0.01,
  "lambda1": 0.1,
  "lambda2": 0.1,
  "lip_reg": 0.01,
  "L_T": 0.3462436890056466,
  "L_f": 5.685370052800001,
  "L1": 2.3147671894493467,
  "L2": 4.629534378898693,
  "L3": 0.7617361158124226,
  "L": 4.629534378898693,
  "max_lprime_sampled": 0.07323287427425385,
  "max_lprime_grid": 0.07323287427425385,
  "min_g1_grid": -0.021284278482198715,
  "min_g2_grid": -0.06323287636041641,
  "min_g3_grid": 0.004978475160896778,
  "certification_sample_check": "exhaustive_grid",
  "theorem_margin": 0.03629534378898693,
  "certified": false,
  "state_dict": {
    "fc1.weight": [
      [
        -0.045278385281562805,
        0.1111639216542244,
        -0.31267398595809937,
        -0.34383487701416016
      ],
      [
        0.002652059542015195,
        -0.8474324345588684,
        -0.1851644068956375,
        0.6912506222724915
      ],
      [
        -0.02939295582473278,
        0.11214017122983932,
        -0.07273099571466446,
        -0.11860033124685287
      ],
      [
        -0.31537139415740967,
        -0.3575575649738312,
        -0.156325101852417,
        -0.007858415134251118
      ],
      [
        0.13912057876586914,
        0.237545445561409,
        -0.13643744587898254,
        -0.07097163051366806
      ],
      [
        0.11020076274871826,
        0.38933002948760986,
        -0.07036900520324707,
        0.343229204416275
      ],
      [
        -0.034282077103853226,
        -0.07725399732589722,
        0.35933148860931396,
        -0.2742215096950531
      ],
      [
        -0.20869284868240356,
        -0.19591233134269714,
        -0.1841774582862854,
        0.33730730414390564
      ],
      [
        -0.21295179426670074,
        -0.2234708070755005,
        -0.22009840607643127,
        -0.43524783849716187
      ],
      [
        -0.29509690403938293,
        0.7300629019737244,
        0.0723031535744667,
        0.45336103439331055
      ],
      [
        0.09927858412265778,
        -1.9155569076538086,
        0.42636576294898987,
        -0.25130194425582886
      ],
      [
        -0.14239224791526794,
        -0.4155803322792053,
        0.24195638298988342,
        0.45212629437446594
      ],
      [
        -0.10080713778734207,
        -0.004162105266004801,
        0.2228323370218277,
        0.5295398235321045
      ],
      [
        0.14378945529460907,
        0.10112692415714264,
        0.21356511116027832,
        -0.2127997875213623
      ],
      [
        0.0034133605659008026,
        -0.4088438153266907,
        -0.21563102304935455,
        -0.2794828414916992
      ],
      [
        0.03323070704936981,
        0.17656660079956055,
        -0.10205887258052826,
        0.05723906680941582
      ],
      [
        0.1082688421010971,
        -0.07662423700094223,
        0.0645524114370346,
        0.10590258240699768
      ],
      [
        0.04481235891580582,
        0.791337251663208,
        -0.18810884654521942,
        -0.4453984200954437
      ],
      [
        0.185158371925354,
        0.45150819420814514,
        0.2975199222564697,
        0.5264589786529541
      ],
      [
        0.10971079021692276,
        -0.42189571261405945,
        0.0222010537981987,
        -0.2507956624031067
      ],
      [
        -0.2759876549243927,
        0.7067850232124329,
        0.20539861917495728,
        -0.550793468952179
      ],
      [
        0.21066468954086304,
        -0.43503710627555847,
        0.03147093579173088,
        -0.4601004123687744
      ],
      [
        0.11729701608419418,
        -0.26024338603019714,
        0.12919020652770996,
        0.3148421049118042
      ],
      [
        0.24993380904197693,
        -0.010860102251172066,
        -0.28136202692985535,
        -0.07894168794155121
      ],
      [
        0.2608798146247864,
        0.21696366369724274,
        -0.11209981143474579,
        -0.10347619652748108
      ],
      [
        0.3683483302593231,
        0.26634088158607483,
        -0.15760192275047302,
        -0.1453932821750641
      ],
      [
        -0.24184364080429077,
        -0.39525696635246277,
        -0.13362734019756317,
        -0.2519284188747406
      ],
      [
        -0.04094859957695007,
        -0.17262175679206848,
        -0.2222348004579544,
        0.287644624710083
      ],
      [
        -0.277341365814209,
        0.8016409277915955,
        0.39898452162742615,
        -0.27840787172317505
      ],
      [
        -0.37192943692207336,
        -0.016143091022968292,
        0.024443456903100014,
        0.02436482533812523
      ],
      [
        0.16083870828151703,
        -0.2629213035106659,
        -0.09568691998720169,
        0.11079022288322449
      ],
      [
        -0.2679665982723236,
        -0.33576005697250366,
        -0.04291663318872452,
        -0.10156630724668503
      ],
      [
        -0.10085666179656982,
        -0.43430808186531067,
        -0.09597197920084,
        0.0796787217259407
      ],
      [
        -0.00880324374884367,
        -0.07639241218566895,
        0.12786123156547546,
        0.30853915214538574
      ],
      [
        -0.0032104430720210075,
        -0.04312153160572052,
        0.03624757379293442,
        0.2937876582145691
      ],
      [
        0.26037606596946716,
        0.31172874569892883,
        0.27557241916656494,
        -0.04058690741658211
      ],
      [
        -0.15135014057159424,
        -0.7317442893981934,
        0.1949169933795929,
        0.24853457510471344
      ],
      [
        -0.20213744044303894,
        -0.3963538408279419,
        -0.34917211532592773,
        -0.4339975118637085
      ],
      [
        -0.012799718417227268,
        0.2513415217399597,
        0.16289064288139343,
        -0.5855861306190491
      ],
      [
        0.24764813482761383,
        -0.26980656385421753,
        0.003260344499722123,
        -0.19373415410518646
      ],
      [
        -0.10231774300336838,
        -0.11897002905607224,
        -0.3277052938938141,
        -0.4525011479854584
      ],
      [
        -0.0748111754655838,
        -0.013449183665215969,
        -0.15947392582893372,
        0.16940292716026306
      ],
      [
        -0.1001068502664566,
        -0.19933679699897766,
        0.3396361172199249,
        -0.150462806224823
      ],
      [
        0.3588157594203949,
        0.13657554984092712,
        -0.2830926179885864,
        0.40950220823287964
      ],
      [
        -0.01278824731707573,
        -0.3412400186061859,
        0.3746293783187866,
        0.018661607056856155
      ],
      [
        0.09016963094472885,
        -0.08674968779087067,
        0.2913953959941864,
        0.18028588593006134
      ],
      [
        0.10896135866641998,
        0.15320220589637756,
        -0.0049017504788935184,
        -0.11278513818979263
      ],
      [
        -0.09255371242761612,
        0.4447877109050751,
        0.1840096414089203,
        0.31835025548934937
      ],
      [
        -0.0009828791953623295,
        0.030012184754014015,
        -0.0023315344005823135,
        -0.26637202501296997
      ],
      [
        -0.25133153796195984,
        0.2013085037469864,
        -0.2383265644311905,
        0.08920124173164368
      ],
      [
        -0.006517141591757536,
        0.28795912861824036,
        -0.3016584515571594,
        -0.3198740482330322
      ],
      [
        -0.25687849521636963,
        0.3780023157596588,
        -0.10035952925682068,
        0.4913797080516815
      ],
      [
        0.3688434660434723,
        0.06195828318595886,
        -0.017316468060016632,
        -0.012023596093058586
      ],
      [
        0.0406000018119812,
        0.0035416744649410248,
        0.00278618186712265,
        0.160311758518219
      ],
      [
        -0.2767488658428192,
        -0.2966914772987366,
