{
  "arch": "4-80-1",
  "xi": 0.01,
  "eta": 0.01,
  "lambda1": 0.1,
  "lambda2": 0.1,
  "L_T": 2.1670440834934652,
  "L_f": 6.0,
  "L1": 15.169308584454257,
  "L2": 30.338617168908513,
  "L3": 4.767496983685624,
  "L": 30.338617168908513,
  "max_lprime_sampled": 0.04777257889509201,
  "theorem_margin": 0.14169308584454257,
  "certified": false,
  "state_dict": {
    "fc1.weight": [
      [
        -0.010237526148557663,
        -0.14029178023338318,
        -0.09755455702543259,
        -0.009743582457304
      ],
      [
        -0.049381084740161896,
        0.23742058873176575,
        -0.24302051961421967,
        -0.17558827996253967
      ],
      [
        0.2949357330799103,
        0.15671825408935547,
        -0.005284241400659084,
        0.08510179072618484
      ],
      [
        -0.08810992538928986,
        -0.12461578100919724,
        0.3754262626171112,
        0.19349811971187592
      ],
      [
        0.3004361391067505,
        -0.002922471845522523,
        0.45568016171455383,
        0.32540789246559143
      ],
      [
        -0.4291892349720001,
        -0.23586992919445038,
        -0.1934516876935959,
        0.2241220921278
      ],
      [
        0.1889156848192215,
        0.25356435775756836,
        -0.4042947292327881,
        -0.13153155148029327
      ],
      [
        0.22732602059841156,
        0.4279344975948334,
        0.06052711233496666,
        0.07129348814487457
      ],
      [
        0.00023133846116252244,
        0.061069317162036896,
        -0.11431612819433212,
        0.34379005432128906
      ],
      [
        0.41097497940063477,
        0.09220915287733078,
        -0.16061724722385406,
        -0.35509583353996277
      ],
      [
        -0.20425377786159515,
        0.3459949493408203,
        -0.4686071574687958,
        0.19612257182598114
      ],
      [
        -0.20938827097415924,
        -0.27841219305992126,
        0.31727221608161926,
        -0.3844853639602661
      ],
      [
        -0.17708219587802887,
        0.4543233811855316,
        0.0006873091333545744,
        0.4079486131668091
      ],
      [
        0.39958953857421875,
        -0.21355339884757996,
        0.09417984634637833,
        0.08981483429670334
      ],
      [
        -0.4460112154483795,
        -0.4436658024787903,
        0.48925915360450745,
        -0.10808035731315613
      ],
      [
        0.0006183012737892568,
        0.2208375334739685,
        0.10516238212585449,
        0.10902325063943863
      ],
      [
        -0.5827018022537231,
        0.2766720652580261,
        0.18575415015220642,
        -0.03329750522971153
      ],
      [
        0.35457801818847656,
        0.5522598624229431,
        -0.087543785572052,
        0.48742175102233887
      ],
      [
        0.26571986079216003,
        0.5448285341262817,
        -0.3050575256347656,
        0.3581712543964386
      ],
      [
        0.009751725010573864,
        -0.05754607170820236,
        0.10564623773097992,
        -0.015765108168125153
      ],
      [
        0.2534621059894562,
        -0.4334973692893982,
        0.3781663775444031,
        0.38792940974235535
      ],
      [
        -0.22092357277870178,
        -0.33161744475364685,
        0.33212703466415405,
        0.13759157061576843
      ],
      [
        0.3068726062774658,
        -0.11045048385858536,
        -0.3328102231025696,
        -0.31529903411865234
      ],
      [
        0.2161765992641449,
        -0.28648456931114197,
        0.39840537309646606,
        -0.33446118235588074
      ],
      [
        -0.5275840759277344,
        0.2908966541290283,
        0.4518885016441345,
        0.3574846386909485
      ],
      [
        -0.4182496666908264,
        -0.28637269139289856,
        -0.39047253131866455,
        -0.21977385878562927
      ],
      [
        0.4469422698020935,
        -0.1887694150209427,
        0.47227174043655396,
        0.17159608006477356
      ],
      [
        0.34918177127838135,
        0.3475296199321747,
        0.2874482572078705,
        0.406933456659317
      ],
      [
        -0.20071224868297577,
        -0.19171832501888275,
        0.4860943555831909,
        0.12908312678337097
      ],
      [
        -0.26787248253822327,
        -0.5022796988487244,
        0.417911559343338,
        0.1439167708158493
      ],
      [
        0.03636641427874565,
        0.047439586371183395,
        0.39742574095726013,
        -0.153420552611351
      ],
      [
        0.10385588556528091,
        0.2227843850851059,
        -0.29619890451431274,
        0.1464332938194275
      ],
      [
        0.2694719433784485,
        -0.16890613734722137,
        -0.02993973344564438,
        -0.46022137999534607
      ],
      [
        -0.43317657709121704,
        0.08447647094726562,
        -0.4782201051712036,
        0.03487183898687363
      ],
      [
        0.33210819959640503,
        -0.11754952371120453,
        -0.436212420463562,
        -0.5755888223648071
      ],
      [
        0.12567050755023956,
        -0.2287798523902893,
        -0.08951901644468307,
        0.4080381989479065
      ],
      [
        -0.08383457362651825,
        -0.2621498703956604,
        -0.17309881746768951,
        0.06060735881328583
      ],
      [
        0.46409541368484497,
        0.23807308077812195,
        -0.373782753944397,
        0.2905471920967102
      ],
      [
        0.07622961699962616,
        -0.028412582352757454,
        0.37210097908973694,
        0.5191456079483032
      ],
      [
        -0.23495693504810333,
        0.3526485562324524,
        0.18784284591674805,
        0.4504004418849945
      ],
      [
        -0.059041719883680344,
        0.21678322553634644,
        -0.12154243141412735,
        -0.3190394639968872
      ],
      [
        -0.0038326967041939497,
        0.2604422867298126,
        0.3252788484096527,
        -0.22022540867328644
      ],
      [
        0.4312199354171753,
        -0.3310340344905853,
        -0.44838446378707886,
        -0.43348997831344604
      ],
      [
        0.39468327164649963,
        0.4039257764816284,
        0.24456803500652313,
        0.28892549872398376
      ],
      [
        -0.37194618582725525,
        0.20033201575279236,
        -0.0176291074603796,
        0.1194223165512085
      ],
      [
        0.4551139771938324,
        -0.14281482994556427,
        -0.020332109183073044,
        -0.12777304649353027
      ],
      [
        -0.47461625933647156,
        -0.4543672204017639,
        -0.18596531450748444,
        0.12220148742198944
      ],
      [
        0.15827038884162903,
        0.025997361168265343,
        -0.2793910503387451,
        0.2827518582344055
      ],
      [
        -0.3199993968009949,
        -0.19758155941963196,
        -0.05700624734163284,
        0.39806225895881653
      ],
      [
        -0.22389906644821167,
        -0.4762589633464813,
        -0.19393883645534515,
        0.25331997871398926
      ],
      [
        0.22945824265480042,
        0.33486688137054443,
        -0.38514813780784607,
        0.004495758097618818
      ],
      [
        0.28562989830970764,
        -0.43983685970306396,
        -0.16884702444076538,
        0.11052016913890839
      ],
      [
        -0.2681396007537842,
        0.013625080697238445,
        0.3465021848678589,
        -0.18926365673542023
      ],
      [
        0.24629497528076172,
        0.09381070733070374,
        -0.1536952704191208,
        0.07948700338602066
      ],
      [
        0.2075718343257904,
        0.20496214926242828,
        -0.33433157205581665,
        -0.5033735036849976
      ],
      [
        -0.11662424355745316,
        -0.4601396322250366,
        0.43949052691459656,
        0.21247383952140808
      ],
      [
        -0.13996529579162598,
        0.7123563885688782,
        -0.12765000760555267,
        -0.3930482268333435
      ],
      [
        0.4554676115512848,
