{
  "success": true,
  "epsilon": 0.5,
  "coefficients": [
    0.0,
    0.0,
    0.0,
    0.0,
    0.0,
    0.0,
    0.0,
    0.0,
    0.0,
    0.0,
    -0.5,
    0.20462740678906,
    4.6260833e-07,
    0.20462777053779,
    0.0,
    0.0,
    0.0,
    0.0,
    0.0,
    0.0
  ],
  "elapsed_sec": 0.36569881439208984
}