{
  "arch": "4-80-1",
  "xi": 0.02,
  "transition_guard": "paper: x in X only",
  "num_grid_points": 316,
  "num_transition_grid_points": 316,
  "eta": 0.01,
  "lambda1": 0.1,
  "lambda2": 0.1,
  "lip_reg": 0.01,
  "L_T": 0.3464968363637322,
  "L_f": 5.685370052800001,
  "L1": 2.3164595732160373,
  "L2": 4.632919146432075,
  "L3": 0.7622930400002109,
  "L": 4.632919146432075,
  "max_lprime_sampled": 0.07145631313323975,
  "max_lprime_grid": 0.07145631313323975,
  "min_g1_grid": -0.020133089274168015,
  "min_g2_grid": -0.061456311494112015,
  "min_g3_grid": 0.005039369687438011,
  "certification_sample_check": "exhaustive_grid",
  "theorem_margin": 0.036329191464320745,
  "certified": false,
  "state_dict": {
    "fc1.weight": [
      [
        -0.04566376283764839,
        0.1122012808918953,
        -0.31181102991104126,
        -0.34383484721183777
      ],
      [
        0.005793798249214888,
        -0.8271045088768005,
        -0.1870114505290985,
        0.6882132291793823
      ],
      [
        -0.029626047238707542,
        0.11214017122983932,
        -0.07239117473363876,
        -0.11860032379627228
      ],
      [
        -0.3162817060947418,
        -0.3575575649738312,
        -0.15426668524742126,
        -0.00612530205398798
      ],
      [
        0.13802655041217804,
        0.23948390781879425,
        -0.13669626414775848,
        -0.07716634124517441
      ],
      [
        0.10993190109729767,
        0.3894251585006714,
        -0.07010004669427872,
        0.3435150384902954
      ],
      [
        -0.03422432392835617,
        -0.07473718374967575,
        0.36112433671951294,
        -0.27576741576194763
      ],
      [
        -0.2090417593717575,
        -0.19606450200080872,
        -0.1835978627204895,
        0.3415643870830536
      ],
      [
        -0.2142476588487625,
        -0.2243066132068634,
        -0.21842296421527863,
        -0.4347290098667145
      ],
      [
        -0.29552868008613586,
        0.7276344895362854,
        0.072707898914814,
        0.44842445850372314
      ],
      [
        0.09588625282049179,
        -1.9042117595672607,
        0.42439478635787964,
        -0.2580331265926361
      ],
      [
        -0.1429639458656311,
        -0.41902631521224976,
        0.24129214882850647,
        0.4640112519264221
      ],
      [
        -0.10029168426990509,
        -0.003770063165575266,
        0.2253909558057785,
        0.529606282711029
      ],
      [
        0.1456710547208786,
        0.09992289543151855,
        0.21389207243919373,
        -0.21303832530975342
      ],
      [
        0.0029959033709019423,
        -0.4088438153266907,
        -0.21489474177360535,
        -0.2794828414916992
      ],
      [
        0.032301999628543854,
        0.1757286936044693,
        -0.10265364497900009,
        0.05857546254992485
      ],
      [
        0.1081889420747757,
        -0.07734803855419159,
        0.06433731317520142,
        0.10638847202062607
      ],
      [
        0.043563034385442734,
        0.7899627089500427,
        -0.18729469180107117,
        -0.4882688522338867
      ],
      [
        0.18672651052474976,
        0.4504094421863556,
        0.29806020855903625,
        0.5271911025047302
      ],
      [
        0.10964652895927429,
        -0.4210284650325775,
        0.021771268919110298,
        -0.24960957467556
      ],
      [
        -0.27756771445274353,
        0.707952618598938,
        0.20442140102386475,
        -0.549697756767273
      ],
      [
        0.21066008508205414,
        -0.4341936707496643,
        0.03311949595808983,
        -0.46086937189102173
      ],
      [
        0.11819015443325043,
        -0.2613847553730011,
        0.12879562377929688,
        0.31444984674453735
      ],
      [
        0.2507704198360443,
        -0.005820625461637974,
        -0.28056836128234863,
        -0.07103893905878067
      ],
      [
        0.2610761821269989,
        0.21738754212856293,
        -0.11275103688240051,
        -0.09861480444669724
      ],
      [
        0.3682447075843811,
        0.26371636986732483,
        -0.15686945617198944,
        -0.14409571886062622
      ],
      [
        -0.24213141202926636,
        -0.3942960798740387,
        -0.1350061446428299,
        -0.24218431115150452
      ],
      [
        -0.041263993829488754,
        -0.16703714430332184,
        -0.21744947135448456,
        0.2914731800556183
      ],
      [
        -0.2778831124305725,
        0.7989911437034607,
        0.3983749747276306,
        -0.27982479333877563
      ],
      [
        -0.37210148572921753,
        -0.012240162119269371,
        0.02434525266289711,
        0.026027226820588112
      ],
      [
        0.16176046431064606,
        -0.26107853651046753,
        -0.093168243765831,
        0.10962755978107452
      ],
      [
        -0.2650649845600128,
        -0.33560988306999207,
        -0.042076364159584045,
        -0.10774032026529312
      ],
      [
        -0.10092729330062866,
        -0.43430808186531067,
        -0.09585680067539215,
        0.07974561303853989
      ],
      [
        -0.010882267728447914,
        -0.07557863742113113,
        0.13176609575748444,
        0.3088087737560272
      ],
      [
        -0.0032486733980476856,
        -0.043659310787916183,
        0.03689819946885109,
        0.2938101887702942
      ],
      [
        0.2611742615699768,
        0.31061074137687683,
        0.2761979103088379,
        -0.0402161106467247
      ],
      [
        -0.15585152804851532,
        -0.7258107662200928,
        0.19409982860088348,
        0.270499587059021
      ],
      [
        -0.20279647409915924,
        -0.3963538408279419,
        -0.34838932752609253,
        -0.4334475100040436
      ],
      [
        -0.01304635126143694,
        0.25709396600723267,
        0.1617744415998459,
        -0.5879618525505066
      ],
      [
        0.24778945744037628,
        -0.269126296043396,
        0.004963437095284462,
        -0.1930633932352066
      ],
      [
        -0.10259778797626495,
        -0.11897002905607224,
        -0.32707861065864563,
        -0.4525011479854584
      ],
      [
        -0.0750555768609047,
        -0.013449186459183693,
        -0.15913677215576172,
        0.16940292716026306
      ],
      [
        -0.10119646787643433,
        -0.1972179263830185,
        0.34053996205329895,
        -0.15067227184772491
      ],
      [
        0.3592032194137573,
        0.13549044728279114,
        -0.2821800112724304,
        0.411268949508667
      ],
      [
        -0.011239997111260891,
        -0.3492511212825775,
        0.3757796585559845,
        0.03297122195363045
      ],
      [
        0.0906270444393158,
        -0.08618593961000443,
        0.29335853457450867,
        0.18077987432479858
      ],
      [
        0.10853033512830734,
        0.1530630737543106,
        -0.0059220874682068825,
        -0.11264237016439438
      ],
      [
        -0.08634219318628311,
        0.4372132122516632,
        0.18510198593139648,
        0.31629112362861633
      ],
      [
        -0.00099661061540246,
        0.030012181028723717,
        -0.0023090040776878595,
        -0.26637202501296997
      ],
      [
        -0.25145837664604187,
        0.20200447738170624,
        -0.23818479478359222,
        0.09090922027826309
      ],
      [
        -0.006990984547883272,
        0.2878424823284149,
        -0.3009432852268219,
        -0.3198740482330322
      ],
      [
        -0.26075634360313416,
        0.3755843937397003,
        -0.0922565907239914,
        0.48687103390693665
      ],
      [
        0.36721473932266235,
        0.06436388939619064,
        -0.016888033598661423,
        -0.011541209183633327
      ],
      [
        0.040538057684898376,
        0.00322448811493814,
        0.002571703167632222,
        0.15984314680099487
      ],
      [
        -0.27767735719680786,
        -0.2984634339809418,
